<?xml version="1.0" encoding="UTF-8" standalone="yes"?>
<addon id="plugin.program.CanDoWizard" name="CanDo I.T. Wizard" version="1.0" provider-name="CanDo Information Technology">
  <requires>
    <import addon="xbmc.python" version="2.1.0"/>
  </requires>
  <extension point="xbmc.python.pluginsource" library="default.py">
    <provides>executable</provides>
  </extension>
  <extension point="xbmc.service" library="startup.py" start="startup" />
  <extension point="xbmc.addon.metadata">
    <summary lang="en">CanDo I.T. Wizard</summary>
    <description lang="en">CanDo I.T Customer Kodi Build</description>
    <platform>all</platform>
  </extension>
</addon>